{"cameraMode":{"drawMode":0,"name":"Shaded","section":"Shading Mode"},"sceneLighting":false,"audioPlay":false,"sceneViewState":{"m_AlwaysRefresh":false,"showFog":true,"showSkybox":false,"showFlares":true,"showImageEffects":true,"showParticleSystems":true,"showVisualEffectGraphs":true,"m_FxEnabled":true},"in2DMode":false,"pivot":{"x":3.9547719955444338,"y":3.866908073425293,"z":-12.638179779052735},"rotation":{"x":0.22895579040050507,"y":0.0005860135424882174,"z":-0.00013513313024304807,"w":0.9734585285186768},"size":0.5892705321311951,"orthographic":false}